{"cameraMode":{"drawMode":0,"name":"Shaded","section":"Shading Mode"},"sceneLighting":true,"audioPlay":false,"sceneViewState":{"m_AlwaysRefresh":false,"showFog":true,"showSkybox":true,"showFlares":true,"showImageEffects":true,"showParticleSystems":true,"showVisualEffectGraphs":true,"m_FxEnabled":false},"in2DMode":false,"pivot":{"x":-4.908759117126465,"y":16.591941833496095,"z":-24.016498565673829},"rotation":{"x":0.1460132598876953,"y":0.11811667680740357,"z":-0.017561448737978936,"w":0.9820553660392761},"size":3.547210454940796,"orthographic":false}